<?xml version='1.0' encoding='UTF-8'?>

<animals>

    <!-- MAMMALS -->
    <animal>
        <category>mammals</category>
        <type>bear</type>
    </animal>
    <animal>
        <category>mammals</category>
        <type>cat</type>
    </animal>
    <animal>
        <category>mammals</category>
        <type>cow</type>
    </animal>
    <animal>
        <category>mammals</category>
        <type>dog</type>
    </animal>
    <animal>
        <category>mammals</category>
        <type>dolphin</type>
    </animal>
    <animal>
        <category>mammals</category>
        <type>elephant</type>
    </animal>
    <animal>
        <category>mammals</category>
        <type>fox</type>
    </animal>
    <animal>
        <category>mammals</category>
        <type>goat</type>
    </animal>
    <animal>
        <category>mammals</category>
        <type>horse</type>
    </animal>
    <animal>
        <category>mammals</category>
        <type>kangaroo</type>
    </animal>
    <animal>
        <category>mammals</category>
        <type>kitten</type>
    </animal>
    <animal>
        <category>mammals</category>
        <type>lamb</type>
    </animal>
    <animal>
        <category>mammals</category>
        <type>lion</type>
    </animal>
    <animal>
        <category>mammals</category>
        <type>manatee</type>
    </animal>
    <animal>
        <category>mammals</category>
        <type>monkey</type>
    </animal>
    <animal>
        <category>mammals</category>
        <type>mouse</type>
    </animal>
    <animal>
        <category>mammals</category>
        <type>pig</type>
    </animal>
    <animal>
        <category>mammals</category>
        <type>puppy</type>
    </animal>
    <animal>
        <category>mammals</category>
        <type>rabbit</type>
    </animal>
    <animal>
        <category>mammals</category>
        <type>raccoon</type>
    </animal>
    <animal>
        <category>mammals</category>
        <type>rat</type>
    </animal>
    <animal>
        <category>mammals</category>
        <type>seal</type>
    </animal>
    <animal>
        <category>mammals</category>
        <type>sheep</type>
    </animal>
    <animal>
        <category>mammals</category>
        <type>tiger</type>
    </animal>
    <animal>
        <category>mammals</category>
        <type>whale</type>
    </animal>
    <animal>
        <category>mammals</category>
        <type>wolf</type>
    </animal>
    <animal>
        <category>mammals</category>
        <type>zebra</type>
    </animal>

    <!-- REPTILES -->
    <animal>
        <category>reptiles</category>
        <type>alligator</type>
    </animal>
    <animal>
        <category>reptiles</category>
        <type>frog</type>
    </animal>
    <animal>
        <category>reptiles</category>
        <type>iguana</type>
    </animal>
    <animal>
        <category>reptiles</category>
        <type>lizard</type>
    </animal>
    <animal>
        <category>reptiles</category>
        <type>snake</type>
    </animal>
    <animal>
        <category>reptiles</category>
        <type>tadpole</type>
    </animal>
    <animal>
        <category>reptiles</category>
        <type>turtle</type>
    </animal>

    <!-- BIRDS -->
    <animal>
        <category>birds</category>
        <type>chicken</type>
    </animal>
    <animal>
        <category>birds</category>
        <type>duck</type>
    </animal>
    <animal>
        <category>birds</category>
        <type>goose</type>
    </animal>
    <animal>
        <category>birds</category>
        <type>hen</type>
    </animal>
    <animal>
        <category>birds</category>
        <type>hummingbird</type>
    </animal>
    <animal>
        <category>birds</category>
        <type>ostrich</type>
    </animal>
    <animal>
        <category>birds</category>
        <type>owl</type>
    </animal>
    <animal>
        <category>birds</category>
        <type>penguin</type>
    </animal>
    <animal>
        <category>birds</category>
        <type>swan</type>
    </animal>

    <!-- DINOSAURS -->
    <animal>
        <category>dinosaurs</category>
        <type>corythosaurus</type>
    </animal>
    <animal>
        <category>dinosaurs</category>
        <type>stegosaurus </type>
    </animal>
    <animal>
        <category>dinosaurs</category>
        <type>tyrannosaurus</type>
    </animal>
    <animal>
        <category>dinosaurs</category>
        <type>triceratops</type>
    </animal>

    <!-- FISH -->
    <animal>
        <category>fish</category>
        <type>fish</type>
    </animal>
    <animal>
        <category>fish</category>
        <type>seahorse</type>
    </animal>
    <animal>
        <category>fish</category>
        <type>shark</type>
    </animal>

    <!-- OCEAN -->
    <animal>
        <category>ocean</category>
        <type>clam</type>
    </animal>
    <animal>
        <category>ocean</category>
        <type>crab</type>
    </animal>
    <animal>
        <category>ocean</category>
        <type>fish</type>
    </animal>
    <animal>
        <category>ocean</category>
        <type>jellyfish</type>
    </animal>
    <animal>
        <category>ocean</category>
        <type>seahorse</type>
    </animal>
    <animal>
        <category>ocean</category>
        <type>shark</type>
    </animal>
    <animal>
        <category>ocean</category>
        <type>shrimp</type>
    </animal>
    <animal>
        <category>ocean</category>
        <type>squid</type>
    </animal>
    <animal>
        <category>ocean</category>
        <type>starfish</type>
    </animal>

    <!-- INVERTIBRATES -->
    <animal>
        <category>invertebrates</category>
        <type>ants</type>
    </animal>
    <animal>
        <category>invertebrates</category>
        <type>bee</type>
    </animal>
    <animal>
        <category>invertebrates</category>
        <type>bug</type>
    </animal>
    <animal>
        <category>invertebrates</category>
        <type>butterfly</type>
    </animal>
    <animal>
        <category>invertebrates</category>
        <type>clam</type>
    </animal>
    <animal>
        <category>invertebrates</category>
        <type>crab</type>
    </animal>
    <animal>
        <category>invertebrates</category>
        <type>ladybug</type>
    </animal>
    <animal>
        <category>invertebrates</category>
        <type>lobster</type>
    </animal>
    <animal>
        <category>invertebrates</category>
        <type>octopus</type>
    </animal>
    <animal>
        <category>invertebrates</category>
        <type>shrimp</type>
    </animal>
    <animal>
        <category>invertebrates</category>
        <type>squid</type>
    </animal>
    <animal>
        <category>invertebrates</category>
        <type>spider</type>
    </animal>

    <!-- INSECTS -->
    <animal>
        <category>insects</category>
        <type>ants</type>
    </animal>
    <animal>
        <category>insects</category>
        <type>bee</type>
    </animal>
    <animal>
        <category>insects</category>
        <type>bug</type>
    </animal>
    <animal>
        <category>insects</category>
        <type>butterfly</type>
    </animal>
    <animal>
        <category>insects</category>
        <type>grasshopper</type>
    </animal>
    <animal>
        <category>insects</category>
        <type>ladybug</type>
    </animal>

</animals>